-- ==========================================
-- INSERTS DE PRUEBA PARA DEMO DE SPLIT
-- Club 1 Grupo 101 (Adulto) -> 29 miembros
-- Club 2 Grupo 202 (Joven)  -> 14 miembros
-- Club 3 Grupo 303 (Nino)   -> 14 miembros
-- IDs comienzan en 112 siguiendo la secuencia
-- ==========================================

-- ==========================================
-- Inserts LECTOR - adultos club 1 (IDs 112-137)
-- ==========================================
insert into sojg_lector (nombre, apellido, fecha_nacimiento, idiomas, correo_electronico, documento_identidad)
    values ('Roberto', 'Silva', to_date('15/03/1985', 'DD/MM/YYYY'), 'Espanol', 'roberto.silva.split@gmail.com', 'V-20000001');
insert into sojg_lector (nombre, apellido, fecha_nacimiento, idiomas, correo_electronico, documento_identidad)
    values ('Carmen', 'Vega', to_date('22/07/1978', 'DD/MM/YYYY'), 'Espanol', 'carmen.vega.split@gmail.com', 'V-20000002');
insert into sojg_lector (nombre, apellido, fecha_nacimiento, idiomas, correo_electronico, documento_identidad)
    values ('Luis', 'Mendez', to_date('10/11/1990', 'DD/MM/YYYY'), 'Espanol', 'luis.mendez.split@gmail.com', 'V-20000003');
insert into sojg_lector (nombre, apellido, fecha_nacimiento, idiomas, correo_electronico, documento_identidad)
    values ('Ana', 'Torres', to_date('05/06/1982', 'DD/MM/YYYY'), 'Espanol', 'ana.torres.split@gmail.com', 'V-20000004');
insert into sojg_lector (nombre, apellido, fecha_nacimiento, idiomas, correo_electronico, documento_identidad)
    values ('Pedro', 'Ramirez', to_date('30/01/1975', 'DD/MM/YYYY'), 'Espanol', 'pedro.ramirez.split@gmail.com', 'V-20000005');
insert into sojg_lector (nombre, apellido, fecha_nacimiento, idiomas, correo_electronico, documento_identidad)
    values ('Maria', 'Lopez', to_date('18/09/1988', 'DD/MM/YYYY'), 'Espanol', 'maria.lopez.split@gmail.com', 'V-20000006');
insert into sojg_lector (nombre, apellido, fecha_nacimiento, idiomas, correo_electronico, documento_identidad)
    values ('Jose', 'Garcia', to_date('12/04/1979', 'DD/MM/YYYY'), 'Espanol', 'jose.garcia.split@gmail.com', 'V-20000007');
insert into sojg_lector (nombre, apellido, fecha_nacimiento, idiomas, correo_electronico, documento_identidad)
    values ('Laura', 'Martinez', to_date('25/08/1983', 'DD/MM/YYYY'), 'Espanol', 'laura.martinez.split@gmail.com', 'V-20000008');
insert into sojg_lector (nombre, apellido, fecha_nacimiento, idiomas, correo_electronico, documento_identidad)
    values ('Carlos', 'Hernandez', to_date('03/12/1986', 'DD/MM/YYYY'), 'Espanol', 'carlos.hernandez.split@gmail.com', 'V-20000009');
insert into sojg_lector (nombre, apellido, fecha_nacimiento, idiomas, correo_electronico, documento_identidad)
    values ('Sofia', 'Jimenez', to_date('10/05/1980', 'DD/MM/YYYY'), 'Espanol', 'sofia.jimenez.split@gmail.com', 'V-20000010');
insert into sojg_lector (nombre, apellido, fecha_nacimiento, idiomas, correo_electronico, documento_identidad)
    values ('Miguel', 'Morales', to_date('22/09/1977', 'DD/MM/YYYY'), 'Espanol', 'miguel.morales.split@gmail.com', 'V-20000011');
insert into sojg_lector (nombre, apellido, fecha_nacimiento, idiomas, correo_electronico, documento_identidad)
    values ('Elena', 'Vargas', to_date('15/06/1991', 'DD/MM/YYYY'), 'Espanol', 'elena.vargas.split@gmail.com', 'V-20000012');
insert into sojg_lector (nombre, apellido, fecha_nacimiento, idiomas, correo_electronico, documento_identidad)
    values ('Jorge', 'Castillo', to_date('14/02/1984', 'DD/MM/YYYY'), 'Espanol', 'jorge.castillo.split@gmail.com', 'V-20000013');
insert into sojg_lector (nombre, apellido, fecha_nacimiento, idiomas, correo_electronico, documento_identidad)
    values ('Isabel', 'Ramos', to_date('03/08/1976', 'DD/MM/YYYY'), 'Espanol', 'isabel.ramos.split@gmail.com', 'V-20000014');
insert into sojg_lector (nombre, apellido, fecha_nacimiento, idiomas, correo_electronico, documento_identidad)
    values ('Fernando', 'Reyes', to_date('20/11/1989', 'DD/MM/YYYY'), 'Espanol', 'fernando.reyes.split@gmail.com', 'V-20000015');
insert into sojg_lector (nombre, apellido, fecha_nacimiento, idiomas, correo_electronico, documento_identidad)
    values ('Patricia', 'Cruz', to_date('07/05/1981', 'DD/MM/YYYY'), 'Espanol', 'patricia.cruz.split@gmail.com', 'V-20000016');
insert into sojg_lector (nombre, apellido, fecha_nacimiento, idiomas, correo_electronico, documento_identidad)
    values ('Ricardo', 'Flores', to_date('11/03/1987', 'DD/MM/YYYY'), 'Espanol', 'ricardo.flores.split@gmail.com', 'V-20000017');
insert into sojg_lector (nombre, apellido, fecha_nacimiento, idiomas, correo_electronico, documento_identidad)
    values ('Monica', 'Gutierrez', to_date('29/07/1974', 'DD/MM/YYYY'), 'Espanol', 'monica.gutierrez.split@gmail.com', 'V-20000018');
insert into sojg_lector (nombre, apellido, fecha_nacimiento, idiomas, correo_electronico, documento_identidad)
    values ('Alberto', 'Ruiz', to_date('16/09/1992', 'DD/MM/YYYY'), 'Espanol', 'alberto.ruiz.split@gmail.com', 'V-20000019');
insert into sojg_lector (nombre, apellido, fecha_nacimiento, idiomas, correo_electronico, documento_identidad)
    values ('Sandra', 'Ortiz', to_date('04/01/1985', 'DD/MM/YYYY'), 'Espanol', 'sandra.ortiz.split@gmail.com', 'V-20000020');
insert into sojg_lector (nombre, apellido, fecha_nacimiento, idiomas, correo_electronico, documento_identidad)
    values ('Francisco', 'Navarro', to_date('08/04/1978', 'DD/MM/YYYY'), 'Espanol', 'francisco.navarro.split@gmail.com', 'V-20000021');
insert into sojg_lector (nombre, apellido, fecha_nacimiento, idiomas, correo_electronico, documento_identidad)
    values ('Adriana', 'Molina', to_date('17/11/1983', 'DD/MM/YYYY'), 'Espanol', 'adriana.molina.split@gmail.com', 'V-20000022');
insert into sojg_lector (nombre, apellido, fecha_nacimiento, idiomas, correo_electronico, documento_identidad)
    values ('Eduardo', 'Soto', to_date('25/06/1990', 'DD/MM/YYYY'), 'Espanol', 'eduardo.soto.split@gmail.com', 'V-20000023');
insert into sojg_lector (nombre, apellido, fecha_nacimiento, idiomas, correo_electronico, documento_identidad)
    values ('Claudia', 'Aguilar', to_date('30/08/1980', 'DD/MM/YYYY'), 'Espanol', 'claudia.aguilar.split@gmail.com', 'V-20000024');
insert into sojg_lector (nombre, apellido, fecha_nacimiento, idiomas, correo_electronico, documento_identidad)
    values ('Manuel', 'Rios', to_date('21/04/1976', 'DD/MM/YYYY'), 'Espanol', 'manuel.rios.split@gmail.com', 'V-20000025');
insert into sojg_lector (nombre, apellido, fecha_nacimiento, idiomas, correo_electronico, documento_identidad)
    values ('Veronica', 'Medina', to_date('09/12/1988', 'DD/MM/YYYY'), 'Espanol', 'veronica.medina.split@gmail.com', 'V-20000026');
commit;

-- ==========================================
-- Inserts HISTORICO_MEMBRESIA - adultos club 1
-- ==========================================
insert into sojg_historico_membresia (id_miembro, id_club, fecha_inicio_membresia, fecha_fin, estatus, motivo_retiro)
    values (112, 1, to_date('01/01/2026', 'DD/MM/YYYY'), null, 'Activa', null);
insert into sojg_historico_membresia (id_miembro, id_club, fecha_inicio_membresia, fecha_fin, estatus, motivo_retiro)
    values (113, 1, to_date('01/01/2026', 'DD/MM/YYYY'), null, 'Activa', null);
insert into sojg_historico_membresia (id_miembro, id_club, fecha_inicio_membresia, fecha_fin, estatus, motivo_retiro)
    values (114, 1, to_date('01/01/2026', 'DD/MM/YYYY'), null, 'Activa', null);
insert into sojg_historico_membresia (id_miembro, id_club, fecha_inicio_membresia, fecha_fin, estatus, motivo_retiro)
    values (115, 1, to_date('01/01/2026', 'DD/MM/YYYY'), null, 'Activa', null);
insert into sojg_historico_membresia (id_miembro, id_club, fecha_inicio_membresia, fecha_fin, estatus, motivo_retiro)
    values (116, 1, to_date('01/01/2026', 'DD/MM/YYYY'), null, 'Activa', null);
insert into sojg_historico_membresia (id_miembro, id_club, fecha_inicio_membresia, fecha_fin, estatus, motivo_retiro)
    values (117, 1, to_date('01/01/2026', 'DD/MM/YYYY'), null, 'Activa', null);
insert into sojg_historico_membresia (id_miembro, id_club, fecha_inicio_membresia, fecha_fin, estatus, motivo_retiro)
    values (118, 1, to_date('01/01/2026', 'DD/MM/YYYY'), null, 'Activa', null);
insert into sojg_historico_membresia (id_miembro, id_club, fecha_inicio_membresia, fecha_fin, estatus, motivo_retiro)
    values (119, 1, to_date('01/01/2026', 'DD/MM/YYYY'), null, 'Activa', null);
insert into sojg_historico_membresia (id_miembro, id_club, fecha_inicio_membresia, fecha_fin, estatus, motivo_retiro)
    values (120, 1, to_date('01/01/2026', 'DD/MM/YYYY'), null, 'Activa', null);
insert into sojg_historico_membresia (id_miembro, id_club, fecha_inicio_membresia, fecha_fin, estatus, motivo_retiro)
    values (121, 1, to_date('01/01/2026', 'DD/MM/YYYY'), null, 'Activa', null);
insert into sojg_historico_membresia (id_miembro, id_club, fecha_inicio_membresia, fecha_fin, estatus, motivo_retiro)
    values (122, 1, to_date('01/01/2026', 'DD/MM/YYYY'), null, 'Activa', null);
insert into sojg_historico_membresia (id_miembro, id_club, fecha_inicio_membresia, fecha_fin, estatus, motivo_retiro)
    values (123, 1, to_date('01/01/2026', 'DD/MM/YYYY'), null, 'Activa', null);
insert into sojg_historico_membresia (id_miembro, id_club, fecha_inicio_membresia, fecha_fin, estatus, motivo_retiro)
    values (124, 1, to_date('01/01/2026', 'DD/MM/YYYY'), null, 'Activa', null);
insert into sojg_historico_membresia (id_miembro, id_club, fecha_inicio_membresia, fecha_fin, estatus, motivo_retiro)
    values (125, 1, to_date('01/01/2026', 'DD/MM/YYYY'), null, 'Activa', null);
insert into sojg_historico_membresia (id_miembro, id_club, fecha_inicio_membresia, fecha_fin, estatus, motivo_retiro)
    values (126, 1, to_date('01/01/2026', 'DD/MM/YYYY'), null, 'Activa', null);
insert into sojg_historico_membresia (id_miembro, id_club, fecha_inicio_membresia, fecha_fin, estatus, motivo_retiro)
    values (127, 1, to_date('01/01/2026', 'DD/MM/YYYY'), null, 'Activa', null);
insert into sojg_historico_membresia (id_miembro, id_club, fecha_inicio_membresia, fecha_fin, estatus, motivo_retiro)
    values (128, 1, to_date('01/01/2026', 'DD/MM/YYYY'), null, 'Activa', null);
insert into sojg_historico_membresia (id_miembro, id_club, fecha_inicio_membresia, fecha_fin, estatus, motivo_retiro)
    values (129, 1, to_date('01/01/2026', 'DD/MM/YYYY'), null, 'Activa', null);
insert into sojg_historico_membresia (id_miembro, id_club, fecha_inicio_membresia, fecha_fin, estatus, motivo_retiro)
    values (130, 1, to_date('01/01/2026', 'DD/MM/YYYY'), null, 'Activa', null);
insert into sojg_historico_membresia (id_miembro, id_club, fecha_inicio_membresia, fecha_fin, estatus, motivo_retiro)
    values (131, 1, to_date('01/01/2026', 'DD/MM/YYYY'), null, 'Activa', null);
insert into sojg_historico_membresia (id_miembro, id_club, fecha_inicio_membresia, fecha_fin, estatus, motivo_retiro)
    values (132, 1, to_date('01/01/2026', 'DD/MM/YYYY'), null, 'Activa', null);
insert into sojg_historico_membresia (id_miembro, id_club, fecha_inicio_membresia, fecha_fin, estatus, motivo_retiro)
    values (133, 1, to_date('01/01/2026', 'DD/MM/YYYY'), null, 'Activa', null);
insert into sojg_historico_membresia (id_miembro, id_club, fecha_inicio_membresia, fecha_fin, estatus, motivo_retiro)
    values (134, 1, to_date('01/01/2026', 'DD/MM/YYYY'), null, 'Activa', null);
insert into sojg_historico_membresia (id_miembro, id_club, fecha_inicio_membresia, fecha_fin, estatus, motivo_retiro)
    values (135, 1, to_date('01/01/2026', 'DD/MM/YYYY'), null, 'Activa', null);
insert into sojg_historico_membresia (id_miembro, id_club, fecha_inicio_membresia, fecha_fin, estatus, motivo_retiro)
    values (136, 1, to_date('01/01/2026', 'DD/MM/YYYY'), null, 'Activa', null);
insert into sojg_historico_membresia (id_miembro, id_club, fecha_inicio_membresia, fecha_fin, estatus, motivo_retiro)
    values (137, 1, to_date('01/01/2026', 'DD/MM/YYYY'), null, 'Activa', null);
commit;

-- ==========================================
-- Inserts HISTORICO_GRUPO_LECTURA - adultos club 1 grupo 101
-- ==========================================
insert into sojg_historico_grupo_lectura (id_club, numero_de_grupo, fecha_inicio_membresia, id_miembro, fecha_inicio, fecha_fin)
    values (1, 101, to_date('01/01/2026', 'DD/MM/YYYY'), 112, to_date('01/01/2026', 'DD/MM/YYYY'), null);
insert into sojg_historico_grupo_lectura (id_club, numero_de_grupo, fecha_inicio_membresia, id_miembro, fecha_inicio, fecha_fin)
    values (1, 101, to_date('01/01/2026', 'DD/MM/YYYY'), 113, to_date('01/01/2026', 'DD/MM/YYYY'), null);
insert into sojg_historico_grupo_lectura (id_club, numero_de_grupo, fecha_inicio_membresia, id_miembro, fecha_inicio, fecha_fin)
    values (1, 101, to_date('01/01/2026', 'DD/MM/YYYY'), 114, to_date('01/01/2026', 'DD/MM/YYYY'), null);
insert into sojg_historico_grupo_lectura (id_club, numero_de_grupo, fecha_inicio_membresia, id_miembro, fecha_inicio, fecha_fin)
    values (1, 101, to_date('01/01/2026', 'DD/MM/YYYY'), 115, to_date('01/01/2026', 'DD/MM/YYYY'), null);
insert into sojg_historico_grupo_lectura (id_club, numero_de_grupo, fecha_inicio_membresia, id_miembro, fecha_inicio, fecha_fin)
    values (1, 101, to_date('01/01/2026', 'DD/MM/YYYY'), 116, to_date('01/01/2026', 'DD/MM/YYYY'), null);
insert into sojg_historico_grupo_lectura (id_club, numero_de_grupo, fecha_inicio_membresia, id_miembro, fecha_inicio, fecha_fin)
    values (1, 101, to_date('01/01/2026', 'DD/MM/YYYY'), 117, to_date('01/01/2026', 'DD/MM/YYYY'), null);
insert into sojg_historico_grupo_lectura (id_club, numero_de_grupo, fecha_inicio_membresia, id_miembro, fecha_inicio, fecha_fin)
    values (1, 101, to_date('01/01/2026', 'DD/MM/YYYY'), 118, to_date('01/01/2026', 'DD/MM/YYYY'), null);
insert into sojg_historico_grupo_lectura (id_club, numero_de_grupo, fecha_inicio_membresia, id_miembro, fecha_inicio, fecha_fin)
    values (1, 101, to_date('01/01/2026', 'DD/MM/YYYY'), 119, to_date('01/01/2026', 'DD/MM/YYYY'), null);
insert into sojg_historico_grupo_lectura (id_club, numero_de_grupo, fecha_inicio_membresia, id_miembro, fecha_inicio, fecha_fin)
    values (1, 101, to_date('01/01/2026', 'DD/MM/YYYY'), 120, to_date('01/01/2026', 'DD/MM/YYYY'), null);
insert into sojg_historico_grupo_lectura (id_club, numero_de_grupo, fecha_inicio_membresia, id_miembro, fecha_inicio, fecha_fin)
    values (1, 101, to_date('01/01/2026', 'DD/MM/YYYY'), 121, to_date('01/01/2026', 'DD/MM/YYYY'), null);
insert into sojg_historico_grupo_lectura (id_club, numero_de_grupo, fecha_inicio_membresia, id_miembro, fecha_inicio, fecha_fin)
    values (1, 101, to_date('01/01/2026', 'DD/MM/YYYY'), 122, to_date('01/01/2026', 'DD/MM/YYYY'), null);
insert into sojg_historico_grupo_lectura (id_club, numero_de_grupo, fecha_inicio_membresia, id_miembro, fecha_inicio, fecha_fin)
    values (1, 101, to_date('01/01/2026', 'DD/MM/YYYY'), 123, to_date('01/01/2026', 'DD/MM/YYYY'), null);
insert into sojg_historico_grupo_lectura (id_club, numero_de_grupo, fecha_inicio_membresia, id_miembro, fecha_inicio, fecha_fin)
    values (1, 101, to_date('01/01/2026', 'DD/MM/YYYY'), 124, to_date('01/01/2026', 'DD/MM/YYYY'), null);
insert into sojg_historico_grupo_lectura (id_club, numero_de_grupo, fecha_inicio_membresia, id_miembro, fecha_inicio, fecha_fin)
    values (1, 101, to_date('01/01/2026', 'DD/MM/YYYY'), 125, to_date('01/01/2026', 'DD/MM/YYYY'), null);
insert into sojg_historico_grupo_lectura (id_club, numero_de_grupo, fecha_inicio_membresia, id_miembro, fecha_inicio, fecha_fin)
    values (1, 101, to_date('01/01/2026', 'DD/MM/YYYY'), 126, to_date('01/01/2026', 'DD/MM/YYYY'), null);
insert into sojg_historico_grupo_lectura (id_club, numero_de_grupo, fecha_inicio_membresia, id_miembro, fecha_inicio, fecha_fin)
    values (1, 101, to_date('01/01/2026', 'DD/MM/YYYY'), 127, to_date('01/01/2026', 'DD/MM/YYYY'), null);
insert into sojg_historico_grupo_lectura (id_club, numero_de_grupo, fecha_inicio_membresia, id_miembro, fecha_inicio, fecha_fin)
    values (1, 101, to_date('01/01/2026', 'DD/MM/YYYY'), 128, to_date('01/01/2026', 'DD/MM/YYYY'), null);
insert into sojg_historico_grupo_lectura (id_club, numero_de_grupo, fecha_inicio_membresia, id_miembro, fecha_inicio, fecha_fin)
    values (1, 101, to_date('01/01/2026', 'DD/MM/YYYY'), 129, to_date('01/01/2026', 'DD/MM/YYYY'), null);
insert into sojg_historico_grupo_lectura (id_club, numero_de_grupo, fecha_inicio_membresia, id_miembro, fecha_inicio, fecha_fin)
    values (1, 101, to_date('01/01/2026', 'DD/MM/YYYY'), 130, to_date('01/01/2026', 'DD/MM/YYYY'), null);
insert into sojg_historico_grupo_lectura (id_club, numero_de_grupo, fecha_inicio_membresia, id_miembro, fecha_inicio, fecha_fin)
    values (1, 101, to_date('01/01/2026', 'DD/MM/YYYY'), 131, to_date('01/01/2026', 'DD/MM/YYYY'), null);
insert into sojg_historico_grupo_lectura (id_club, numero_de_grupo, fecha_inicio_membresia, id_miembro, fecha_inicio, fecha_fin)
    values (1, 101, to_date('01/01/2026', 'DD/MM/YYYY'), 132, to_date('01/01/2026', 'DD/MM/YYYY'), null);
insert into sojg_historico_grupo_lectura (id_club, numero_de_grupo, fecha_inicio_membresia, id_miembro, fecha_inicio, fecha_fin)
    values (1, 101, to_date('01/01/2026', 'DD/MM/YYYY'), 133, to_date('01/01/2026', 'DD/MM/YYYY'), null);
insert into sojg_historico_grupo_lectura (id_club, numero_de_grupo, fecha_inicio_membresia, id_miembro, fecha_inicio, fecha_fin)
    values (1, 101, to_date('01/01/2026', 'DD/MM/YYYY'), 134, to_date('01/01/2026', 'DD/MM/YYYY'), null);
insert into sojg_historico_grupo_lectura (id_club, numero_de_grupo, fecha_inicio_membresia, id_miembro, fecha_inicio, fecha_fin)
    values (1, 101, to_date('01/01/2026', 'DD/MM/YYYY'), 135, to_date('01/01/2026', 'DD/MM/YYYY'), null);
insert into sojg_historico_grupo_lectura (id_club, numero_de_grupo, fecha_inicio_membresia, id_miembro, fecha_inicio, fecha_fin)
    values (1, 101, to_date('01/01/2026', 'DD/MM/YYYY'), 136, to_date('01/01/2026', 'DD/MM/YYYY'), null);
insert into sojg_historico_grupo_lectura (id_club, numero_de_grupo, fecha_inicio_membresia, id_miembro, fecha_inicio, fecha_fin)
    values (1, 101, to_date('01/01/2026', 'DD/MM/YYYY'), 137, to_date('01/01/2026', 'DD/MM/YYYY'), null);
commit;

-- ==========================================
-- Inserts LECTOR - jovenes club 2 (IDs 138-147)
-- ==========================================
insert into sojg_lector (nombre, apellido, fecha_nacimiento, idiomas, correo_electronico, documento_identidad)
    values ('Matias', 'Rojas', to_date('15/03/2005', 'DD/MM/YYYY'), 'Espanol', 'matias.rojas.split@gmail.com', 'E-20000027');
insert into sojg_lector (nombre, apellido, fecha_nacimiento, idiomas, correo_electronico, documento_identidad)
    values ('Valeria', 'Fuentes', to_date('22/07/2003', 'DD/MM/YYYY'), 'Espanol', 'valeria.fuentes.split@gmail.com', 'E-20000028');
insert into sojg_lector (nombre, apellido, fecha_nacimiento, idiomas, correo_electronico, documento_identidad)
    values ('Sebastian', 'Pena', to_date('10/11/2006', 'DD/MM/YYYY'), 'Espanol', 'sebastian.pena.split@gmail.com', 'E-20000029');
insert into sojg_lector (nombre, apellido, fecha_nacimiento, idiomas, correo_electronico, documento_identidad)
    values ('Camila', 'Mora', to_date('05/06/2004', 'DD/MM/YYYY'), 'Espanol', 'camila.mora.split@gmail.com', 'E-20000030');
insert into sojg_lector (nombre, apellido, fecha_nacimiento, idiomas, correo_electronico, documento_identidad)
    values ('Nicolas', 'Leal', to_date('30/01/2007', 'DD/MM/YYYY'), 'Espanol', 'nicolas.leal.split@gmail.com', 'E-20000031');
insert into sojg_lector (nombre, apellido, fecha_nacimiento, idiomas, correo_electronico, documento_identidad)
    values ('Daniela', 'Cano', to_date('18/09/2005', 'DD/MM/YYYY'), 'Espanol', 'daniela.cano.split@gmail.com', 'E-20000032');
insert into sojg_lector (nombre, apellido, fecha_nacimiento, idiomas, correo_electronico, documento_identidad)
    values ('Andres', 'Ospina', to_date('12/04/2008', 'DD/MM/YYYY'), 'Espanol', 'andres.ospina.split@gmail.com', 'E-20000033');
insert into sojg_lector (nombre, apellido, fecha_nacimiento, idiomas, correo_electronico, documento_identidad)
    values ('Isabella', 'Varela', to_date('25/08/2003', 'DD/MM/YYYY'), 'Espanol', 'isabella.varela.split@gmail.com', 'E-20000034');
insert into sojg_lector (nombre, apellido, fecha_nacimiento, idiomas, correo_electronico, documento_identidad)
    values ('Felipe', 'Suarez', to_date('03/12/2006', 'DD/MM/YYYY'), 'Espanol', 'felipe.suarez.split@gmail.com', 'E-20000035');
insert into sojg_lector (nombre, apellido, fecha_nacimiento, idiomas, correo_electronico, documento_identidad)
    values ('Lucia', 'Cardenas', to_date('10/05/2004', 'DD/MM/YYYY'), 'Espanol', 'lucia.cardenas.split@gmail.com', 'E-20000036');
commit;

-- ==========================================
-- Inserts HISTORICO_MEMBRESIA - jovenes club 2
-- ==========================================
insert into sojg_historico_membresia (id_miembro, id_club, fecha_inicio_membresia, fecha_fin, estatus, motivo_retiro)
    values (138, 2, to_date('05/01/2026', 'DD/MM/YYYY'), null, 'Activa', null);
insert into sojg_historico_membresia (id_miembro, id_club, fecha_inicio_membresia, fecha_fin, estatus, motivo_retiro)
    values (139, 2, to_date('05/01/2026', 'DD/MM/YYYY'), null, 'Activa', null);
insert into sojg_historico_membresia (id_miembro, id_club, fecha_inicio_membresia, fecha_fin, estatus, motivo_retiro)
    values (140, 2, to_date('05/01/2026', 'DD/MM/YYYY'), null, 'Activa', null);
insert into sojg_historico_membresia (id_miembro, id_club, fecha_inicio_membresia, fecha_fin, estatus, motivo_retiro)
    values (141, 2, to_date('05/01/2026', 'DD/MM/YYYY'), null, 'Activa', null);
insert into sojg_historico_membresia (id_miembro, id_club, fecha_inicio_membresia, fecha_fin, estatus, motivo_retiro)
    values (142, 2, to_date('05/01/2026', 'DD/MM/YYYY'), null, 'Activa', null);
insert into sojg_historico_membresia (id_miembro, id_club, fecha_inicio_membresia, fecha_fin, estatus, motivo_retiro)
    values (143, 2, to_date('05/01/2026', 'DD/MM/YYYY'), null, 'Activa', null);
insert into sojg_historico_membresia (id_miembro, id_club, fecha_inicio_membresia, fecha_fin, estatus, motivo_retiro)
    values (144, 2, to_date('05/01/2026', 'DD/MM/YYYY'), null, 'Activa', null);
insert into sojg_historico_membresia (id_miembro, id_club, fecha_inicio_membresia, fecha_fin, estatus, motivo_retiro)
    values (145, 2, to_date('05/01/2026', 'DD/MM/YYYY'), null, 'Activa', null);
insert into sojg_historico_membresia (id_miembro, id_club, fecha_inicio_membresia, fecha_fin, estatus, motivo_retiro)
    values (146, 2, to_date('05/01/2026', 'DD/MM/YYYY'), null, 'Activa', null);
insert into sojg_historico_membresia (id_miembro, id_club, fecha_inicio_membresia, fecha_fin, estatus, motivo_retiro)
    values (147, 2, to_date('05/01/2026', 'DD/MM/YYYY'), null, 'Activa', null);
commit;

-- ==========================================
-- Inserts HISTORICO_GRUPO_LECTURA - jovenes club 2 grupo 202
-- ==========================================
insert into sojg_historico_grupo_lectura (id_club, numero_de_grupo, fecha_inicio_membresia, id_miembro, fecha_inicio, fecha_fin)
    values (2, 202, to_date('05/01/2026', 'DD/MM/YYYY'), 138, to_date('05/01/2026', 'DD/MM/YYYY'), null);
insert into sojg_historico_grupo_lectura (id_club, numero_de_grupo, fecha_inicio_membresia, id_miembro, fecha_inicio, fecha_fin)
    values (2, 202, to_date('05/01/2026', 'DD/MM/YYYY'), 139, to_date('05/01/2026', 'DD/MM/YYYY'), null);
insert into sojg_historico_grupo_lectura (id_club, numero_de_grupo, fecha_inicio_membresia, id_miembro, fecha_inicio, fecha_fin)
    values (2, 202, to_date('05/01/2026', 'DD/MM/YYYY'), 140, to_date('05/01/2026', 'DD/MM/YYYY'), null);
insert into sojg_historico_grupo_lectura (id_club, numero_de_grupo, fecha_inicio_membresia, id_miembro, fecha_inicio, fecha_fin)
    values (2, 202, to_date('05/01/2026', 'DD/MM/YYYY'), 141, to_date('05/01/2026', 'DD/MM/YYYY'), null);
insert into sojg_historico_grupo_lectura (id_club, numero_de_grupo, fecha_inicio_membresia, id_miembro, fecha_inicio, fecha_fin)
    values (2, 202, to_date('05/01/2026', 'DD/MM/YYYY'), 142, to_date('05/01/2026', 'DD/MM/YYYY'), null);
insert into sojg_historico_grupo_lectura (id_club, numero_de_grupo, fecha_inicio_membresia, id_miembro, fecha_inicio, fecha_fin)
    values (2, 202, to_date('05/01/2026', 'DD/MM/YYYY'), 143, to_date('05/01/2026', 'DD/MM/YYYY'), null);
insert into sojg_historico_grupo_lectura (id_club, numero_de_grupo, fecha_inicio_membresia, id_miembro, fecha_inicio, fecha_fin)
    values (2, 202, to_date('05/01/2026', 'DD/MM/YYYY'), 144, to_date('05/01/2026', 'DD/MM/YYYY'), null);
insert into sojg_historico_grupo_lectura (id_club, numero_de_grupo, fecha_inicio_membresia, id_miembro, fecha_inicio, fecha_fin)
    values (2, 202, to_date('05/01/2026', 'DD/MM/YYYY'), 145, to_date('05/01/2026', 'DD/MM/YYYY'), null);
insert into sojg_historico_grupo_lectura (id_club, numero_de_grupo, fecha_inicio_membresia, id_miembro, fecha_inicio, fecha_fin)
    values (2, 202, to_date('05/01/2026', 'DD/MM/YYYY'), 146, to_date('05/01/2026', 'DD/MM/YYYY'), null);
insert into sojg_historico_grupo_lectura (id_club, numero_de_grupo, fecha_inicio_membresia, id_miembro, fecha_inicio, fecha_fin)
    values (2, 202, to_date('05/01/2026', 'DD/MM/YYYY'), 147, to_date('05/01/2026', 'DD/MM/YYYY'), null);
commit;

-- ==========================================
-- Inserts LECTOR - ninos club 3 (IDs 148-157)
-- representante interno: miembro 25 (Carmen Silva)
-- ==========================================
insert into sojg_lector (nombre, apellido, fecha_nacimiento, idiomas, correo_electronico, documento_identidad, autorizacion_representante, id_representante_lector)
    values ('Tomas', 'Silva', to_date('15/03/2015', 'DD/MM/YYYY'), 'Ingles', 'tomas.silva.split@gmail.com', 'US-2000037', 'SI', 25);
insert into sojg_lector (nombre, apellido, fecha_nacimiento, idiomas, correo_electronico, documento_identidad, autorizacion_representante, id_representante_lector)
    values ('Valentina', 'Reyes', to_date('22/07/2016', 'DD/MM/YYYY'), 'Ingles', 'valentina.reyes.split@gmail.com', 'US-2000038', 'SI', 25);
insert into sojg_lector (nombre, apellido, fecha_nacimiento, idiomas, correo_electronico, documento_identidad, autorizacion_representante, id_representante_lector)
    values ('Santiago', 'Cruz', to_date('10/11/2015', 'DD/MM/YYYY'), 'Ingles', 'santiago.cruz.split@gmail.com', 'US-2000039', 'SI', 25);
insert into sojg_lector (nombre, apellido, fecha_nacimiento, idiomas, correo_electronico, documento_identidad, autorizacion_representante, id_representante_lector)
    values ('Sofia', 'Mendez', to_date('05/06/2017', 'DD/MM/YYYY'), 'Ingles', 'sofia.mendez.split@gmail.com', 'US-2000040', 'SI', 25);
insert into sojg_lector (nombre, apellido, fecha_nacimiento, idiomas, correo_electronico, documento_identidad, autorizacion_representante, id_representante_lector)
    values ('Mateo', 'Vega', to_date('30/01/2016', 'DD/MM/YYYY'), 'Ingles', 'mateo.vega.split@gmail.com', 'US-2000041', 'SI', 25);
insert into sojg_lector (nombre, apellido, fecha_nacimiento, idiomas, correo_electronico, documento_identidad, autorizacion_representante, id_representante_lector)
    values ('Emma', 'Torres', to_date('18/09/2015', 'DD/MM/YYYY'), 'Ingles', 'emma.torres.split@gmail.com', 'US-2000042', 'SI', 25);
insert into sojg_lector (nombre, apellido, fecha_nacimiento, idiomas, correo_electronico, documento_identidad, autorizacion_representante, id_representante_lector)
    values ('Lucas', 'Garcia', to_date('12/04/2017', 'DD/MM/YYYY'), 'Ingles', 'lucas.garcia.split@gmail.com', 'US-2000043', 'SI', 25);
insert into sojg_lector (nombre, apellido, fecha_nacimiento, idiomas, correo_electronico, documento_identidad, autorizacion_representante, id_representante_lector)
    values ('Mia', 'Lopez', to_date('25/08/2016', 'DD/MM/YYYY'), 'Ingles', 'mia.lopez.split@gmail.com', 'US-2000044', 'SI', 25);
insert into sojg_lector (nombre, apellido, fecha_nacimiento, idiomas, correo_electronico, documento_identidad, autorizacion_representante, id_representante_lector)
    values ('Pablo', 'Martinez', to_date('03/12/2015', 'DD/MM/YYYY'), 'Ingles', 'pablo.martinez.split@gmail.com', 'US-2000045', 'SI', 25);
insert into sojg_lector (nombre, apellido, fecha_nacimiento, idiomas, correo_electronico, documento_identidad, autorizacion_representante, id_representante_lector)
    values ('Lucia', 'Hernandez', to_date('10/05/2017', 'DD/MM/YYYY'), 'Ingles', 'lucia.hernandez.split@gmail.com', 'US-2000046', 'SI', 25);
commit;

-- ==========================================
-- Inserts HISTORICO_MEMBRESIA - ninos club 3
-- ==========================================
insert into sojg_historico_membresia (id_miembro, id_club, fecha_inicio_membresia, fecha_fin, estatus, motivo_retiro)
    values (148, 3, to_date('10/01/2026', 'DD/MM/YYYY'), null, 'Activa', null);
insert into sojg_historico_membresia (id_miembro, id_club, fecha_inicio_membresia, fecha_fin, estatus, motivo_retiro)
    values (149, 3, to_date('10/01/2026', 'DD/MM/YYYY'), null, 'Activa', null);
insert into sojg_historico_membresia (id_miembro, id_club, fecha_inicio_membresia, fecha_fin, estatus, motivo_retiro)
    values (150, 3, to_date('10/01/2026', 'DD/MM/YYYY'), null, 'Activa', null);
insert into sojg_historico_membresia (id_miembro, id_club, fecha_inicio_membresia, fecha_fin, estatus, motivo_retiro)
    values (151, 3, to_date('10/01/2026', 'DD/MM/YYYY'), null, 'Activa', null);
insert into sojg_historico_membresia (id_miembro, id_club, fecha_inicio_membresia, fecha_fin, estatus, motivo_retiro)
    values (152, 3, to_date('10/01/2026', 'DD/MM/YYYY'), null, 'Activa', null);
insert into sojg_historico_membresia (id_miembro, id_club, fecha_inicio_membresia, fecha_fin, estatus, motivo_retiro)
    values (153, 3, to_date('10/01/2026', 'DD/MM/YYYY'), null, 'Activa', null);
insert into sojg_historico_membresia (id_miembro, id_club, fecha_inicio_membresia, fecha_fin, estatus, motivo_retiro)
    values (154, 3, to_date('10/01/2026', 'DD/MM/YYYY'), null, 'Activa', null);
insert into sojg_historico_membresia (id_miembro, id_club, fecha_inicio_membresia, fecha_fin, estatus, motivo_retiro)
    values (155, 3, to_date('10/01/2026', 'DD/MM/YYYY'), null, 'Activa', null);
insert into sojg_historico_membresia (id_miembro, id_club, fecha_inicio_membresia, fecha_fin, estatus, motivo_retiro)
    values (156, 3, to_date('10/01/2026', 'DD/MM/YYYY'), null, 'Activa', null);
insert into sojg_historico_membresia (id_miembro, id_club, fecha_inicio_membresia, fecha_fin, estatus, motivo_retiro)
    values (157, 3, to_date('10/01/2026', 'DD/MM/YYYY'), null, 'Activa', null);
commit;

-- ==========================================
-- Inserts HISTORICO_GRUPO_LECTURA - ninos club 3 grupo 303
-- ==========================================
insert into sojg_historico_grupo_lectura (id_club, numero_de_grupo, fecha_inicio_membresia, id_miembro, fecha_inicio, fecha_fin)
    values (3, 303, to_date('10/01/2026', 'DD/MM/YYYY'), 148, to_date('10/01/2026', 'DD/MM/YYYY'), null);
insert into sojg_historico_grupo_lectura (id_club, numero_de_grupo, fecha_inicio_membresia, id_miembro, fecha_inicio, fecha_fin)
    values (3, 303, to_date('10/01/2026', 'DD/MM/YYYY'), 149, to_date('10/01/2026', 'DD/MM/YYYY'), null);
insert into sojg_historico_grupo_lectura (id_club, numero_de_grupo, fecha_inicio_membresia, id_miembro, fecha_inicio, fecha_fin)
    values (3, 303, to_date('10/01/2026', 'DD/MM/YYYY'), 150, to_date('10/01/2026', 'DD/MM/YYYY'), null);
insert into sojg_historico_grupo_lectura (id_club, numero_de_grupo, fecha_inicio_membresia, id_miembro, fecha_inicio, fecha_fin)
    values (3, 303, to_date('10/01/2026', 'DD/MM/YYYY'), 151, to_date('10/01/2026', 'DD/MM/YYYY'), null);
insert into sojg_historico_grupo_lectura (id_club, numero_de_grupo, fecha_inicio_membresia, id_miembro, fecha_inicio, fecha_fin)
    values (3, 303, to_date('10/01/2026', 'DD/MM/YYYY'), 152, to_date('10/01/2026', 'DD/MM/YYYY'), null);
insert into sojg_historico_grupo_lectura (id_club, numero_de_grupo, fecha_inicio_membresia, id_miembro, fecha_inicio, fecha_fin)
    values (3, 303, to_date('10/01/2026', 'DD/MM/YYYY'), 153, to_date('10/01/2026', 'DD/MM/YYYY'), null);
insert into sojg_historico_grupo_lectura (id_club, numero_de_grupo, fecha_inicio_membresia, id_miembro, fecha_inicio, fecha_fin)
    values (3, 303, to_date('10/01/2026', 'DD/MM/YYYY'), 154, to_date('10/01/2026', 'DD/MM/YYYY'), null);
insert into sojg_historico_grupo_lectura (id_club, numero_de_grupo, fecha_inicio_membresia, id_miembro, fecha_inicio, fecha_fin)
    values (3, 303, to_date('10/01/2026', 'DD/MM/YYYY'), 155, to_date('10/01/2026', 'DD/MM/YYYY'), null);
insert into sojg_historico_grupo_lectura (id_club, numero_de_grupo, fecha_inicio_membresia, id_miembro, fecha_inicio, fecha_fin)
    values (3, 303, to_date('10/01/2026', 'DD/MM/YYYY'), 156, to_date('10/01/2026', 'DD/MM/YYYY'), null);
insert into sojg_historico_grupo_lectura (id_club, numero_de_grupo, fecha_inicio_membresia, id_miembro, fecha_inicio, fecha_fin)
    values (3, 303, to_date('10/01/2026', 'DD/MM/YYYY'), 157, to_date('10/01/2026', 'DD/MM/YYYY'), null);
commit;

-- ==========================================
-- RESUMEN PARA LA DEMO:
-- 1. Club 1 Grupo 101 (Adulto): 29 miembros -> inscribir adulto (>25 anos) al club 1
-- 2. Club 2 Grupo 202 (Joven):  14 miembros -> inscribir joven (13-25 anos) al club 2
-- 3. Club 3 Grupo 303 (Nino):   14 miembros -> inscribir nino (6-12 anos) al club 3
-- En todos los casos sp_asignar_grupo detecta el limite y llama sp_split_grupo
-- ==========================================